<?xml version="1.0" encoding="UTF-8"?>
<beans xmlns = "http://www.springframework.org/schema/beans"
   xmlns:xsi = "http://www.w3.org/2001/XMLSchema-instance"
   xmlns:context="http://www.springframework.org/schema/context"
   xsi:schemaLocation = "http://www.springframework.org/schema/beans
   http://www.springframework.org/schema/beans/spring-beans-3.0.xsd
   http://www.springframework.org/schema/context
   http://www.springframework.org/schema/context/spring-context.xsd">

	<context:annotation-config />
	
	<bean id="car" class="mla.mar_23_autowire.model.Car" >
		<property name="name" value="Maruti" />
		<!-- <property name="audio" ref="sony" /> -->
	</bean>

	<bean id="sony" class="mla.mar_23_autowire.model.Sony">
		<qualifier value="abc" />
	</bean>
	
	<bean id="bose" class="mla.mar_23_autowire.model.Bose">
	</bean>
	
</beans>
