<?xml version="1.0" encoding="UTF-8"?>
<beans xmlns="http://www.springframework.org/schema/beans"
	xmlns:xsi="http://www.w3.org/2001/XMLSchema-instance"
	xmlns:context="http://www.springframework.org/schema/context"
	xmlns:p="http://www.springframework.org/schema/p"
	xmlns:aop="http://www.springframework.org/schema/aop"
	xsi:schemaLocation="http://www.springframework.org/schema/beans
    http://www.springframework.org/schema/beans/spring-beans.xsd
    http://www.springframework.org/schema/context
    http://www.springframework.org/schema/context/spring-context.xsd
    http://www.springframework.org/schema/aop 
   http://www.springframework.org/schema/aop/spring-aop-3.0.xsd">

 	<aop:config>
		<aop:aspect id="log" ref="abcd">
			<aop:pointcut expression="execution(* mla.mar_23_aop_1.*.*(..))" id="selectAll"/>
			<aop:before pointcut-ref="selectAll" method="before"/>
			<!-- <aop:around pointcut-ref="selectAll" method="around"/> -->
			<aop:after pointcut-ref="selectAll" method="after" />
		</aop:aspect>
	</aop:config>
	
	
	<bean id="abcd" class="mla.mar_23_aop_1.Logging" ></bean> 
	 <bean id="bank" class="mla.mar_23_aop_1.Bank"></bean>
</beans>