<?xml version="1.0" encoding="UTF-8"?>
<beans xmlns = "http://www.springframework.org/schema/beans"
   xmlns:xsi = "http://www.w3.org/2001/XMLSchema-instance"
   xmlns:p="http://www.springframework.org/schema/p" 
   xsi:schemaLocation = "http://www.springframework.org/schema/beans
   http://www.springframework.org/schema/beans/spring-beans-3.0.xsd">

	<bean id="dmds" class="org.springframework.jdbc.datasource.DriverManagerDataSource">
		<property name="driverClassName" value="oracle.jdbc.driver.OracleDriver" />
		<property name="url" value="jdbc:oracle:thin:@localhost:1522:xe" />
		<property name="username" value="sys as sysdba" />
		<property name="password" value="password" />
	</bean>
	
	<bean id="jt" class="org.springframework.jdbc.core.JdbcTemplate">
		<property name="dataSource" ref="dmds" />
<!-- 		<property name="dataSource">
			<ref bean="dmds" />
		</property> -->
	</bean>
	
</beans>